-- phpMyAdmin SQL Dump
-- version 5.2.0
-- https://www.phpmyadmin.net/
--
-- Máy chủ: 127.0.0.1
-- Thời gian đã tạo: Th10 21, 2023 lúc 11:47 PM
-- Phiên bản máy phục vụ: 10.4.27-MariaDB
-- Phiên bản PHP: 8.2.0

SET SQL_MODE = "NO_AUTO_VALUE_ON_ZERO";
START TRANSACTION;
SET time_zone = "+00:00";


/*!40101 SET @OLD_CHARACTER_SET_CLIENT=@@CHARACTER_SET_CLIENT */;
/*!40101 SET @OLD_CHARACTER_SET_RESULTS=@@CHARACTER_SET_RESULTS */;
/*!40101 SET @OLD_COLLATION_CONNECTION=@@COLLATION_CONNECTION */;
/*!40101 SET NAMES utf8mb4 */;

--
-- Cơ sở dữ liệu: `netflix`
--

DELIMITER $$
--
-- Thủ tục
--
CREATE DEFINER=`root`@`localhost` PROCEDURE `getAllService` ()   select * from service
JOIN resolution
on service.maxResolution = resolution.id$$

DELIMITER ;

-- --------------------------------------------------------

--
-- Cấu trúc bảng cho bảng `adsinvoice`
--

CREATE TABLE `adsinvoice` (
  `id` int(11) NOT NULL,
  `price` float DEFAULT NULL,
  `accountId` int(11) DEFAULT NULL,
  `createDate` datetime DEFAULT current_timestamp(),
  `paymentMethod` int(11) DEFAULT 1,
  `paymentStatus` int(11) DEFAULT 1,
  `adsId` int(11) DEFAULT NULL
) ENGINE=InnoDB DEFAULT CHARSET=utf8mb4 COLLATE=utf8mb4_general_ci;

--
-- Đang đổ dữ liệu cho bảng `adsinvoice`
--

INSERT INTO `adsinvoice` (`id`, `price`, `accountId`, `createDate`, `paymentMethod`, `paymentStatus`, `adsId`) VALUES
(1, 129000, 3, '2023-11-07 18:30:15', 1, 2, 3),
(2, 129000, 3, '2023-11-07 19:01:05', 1, 2, 4),
(4, 131669, 3, '2022-12-17 00:00:00', 1, 2, 3),
(10, 139344, 3, '2023-07-27 00:00:00', 1, 2, 3),
(11, 168155, 3, '2023-07-08 00:00:00', 1, 2, 3),
(14, 176370, 3, '2022-12-25 00:00:00', 1, 2, 3),
(18, 173388, 3, '2022-11-24 00:00:00', 1, 2, 3),
(19, 160510, 3, '2022-12-07 00:00:00', 1, 2, 3),
(20, 198924, 3, '2023-07-23 00:00:00', 1, 2, 3),
(24, 144000, 3, '2023-09-11 00:00:00', 1, 2, 3),
(26, 162934, 3, '2023-02-23 00:00:00', 1, 2, 3),
(30, 197347, 3, '2023-10-05 00:00:00', 1, 2, 3),
(33, 164697, 3, '2023-01-22 00:00:00', 1, 2, 3),
(34, 134243, 3, '2022-11-12 00:00:00', 1, 2, 3),
(35, 135452, 3, '2023-10-17 00:00:00', 1, 2, 3),
(39, 108012, 3, '2023-01-28 00:00:00', 1, 2, 3),
(41, 178438, 3, '2023-07-13 00:00:00', 1, 2, 3),
(42, 180534, 3, '2023-03-06 00:00:00', 1, 2, 3),
(45, 113260, 3, '2023-02-28 00:00:00', 1, 2, 3),
(47, 101062, 3, '2022-12-25 00:00:00', 1, 2, 3),
(48, 137467, 3, '2023-01-31 00:00:00', 1, 2, 3),
(52, 116128, 3, '2023-07-18 00:00:00', 1, 2, 3),
(53, 127706, 3, '2023-08-30 00:00:00', 1, 2, 3),
(55, 131669, 3, '2022-12-17 00:00:00', 1, 2, 3),
(61, 139344, 3, '2023-07-27 00:00:00', 1, 2, 3),
(62, 168155, 3, '2023-07-08 00:00:00', 1, 2, 3),
(65, 176370, 3, '2022-12-25 00:00:00', 1, 2, 3),
(69, 173388, 3, '2022-11-24 00:00:00', 1, 2, 3),
(70, 160510, 3, '2022-12-07 00:00:00', 1, 2, 3),
(71, 198924, 3, '2023-07-23 00:00:00', 1, 2, 3),
(75, 144000, 3, '2023-09-11 00:00:00', 1, 2, 3),
(77, 162934, 3, '2023-02-23 00:00:00', 1, 2, 3),
(81, 197347, 3, '2023-10-05 00:00:00', 1, 2, 3),
(84, 164697, 3, '2023-01-22 00:00:00', 1, 2, 3),
(85, 134243, 3, '2022-11-12 00:00:00', 1, 2, 3),
(86, 135452, 3, '2023-10-17 00:00:00', 1, 2, 3),
(90, 108012, 3, '2023-01-28 00:00:00', 1, 2, 3),
(92, 178438, 3, '2023-07-13 00:00:00', 1, 2, 3),
(93, 180534, 3, '2023-03-06 00:00:00', 1, 2, 3),
(96, 113260, 3, '2023-02-28 00:00:00', 1, 2, 3),
(98, 101062, 3, '2022-12-25 00:00:00', 1, 2, 3),
(99, 137467, 3, '2023-01-31 00:00:00', 1, 2, 3),
(103, 116128, 3, '2023-07-18 00:00:00', 1, 2, 3),
(104, 127706, 3, '2023-08-30 00:00:00', 1, 2, 3),
(105, 108741, 3, '2022-12-22 00:00:00', 1, 2, 4),
(106, 165757, 3, '2023-05-28 00:00:00', 1, 2, 4),
(107, 161955, 3, '2023-06-01 00:00:00', 1, 2, 4),
(108, 160875, 3, '2023-08-04 00:00:00', 1, 2, 4),
(109, 156586, 3, '2023-08-09 00:00:00', 1, 2, 3),
(110, 182274, 3, '2022-11-17 00:00:00', 1, 2, 3),
(111, 185592, 3, '2023-09-22 00:00:00', 1, 2, 4),
(112, 168648, 3, '2022-12-22 00:00:00', 1, 2, 3),
(113, 157254, 3, '2023-07-16 00:00:00', 1, 2, 4),
(114, 170689, 3, '2023-09-08 00:00:00', 1, 2, 3),
(115, 128657, 3, '2023-07-28 00:00:00', 1, 2, 3),
(116, 168912, 3, '2023-04-23 00:00:00', 1, 2, 4),
(117, 177391, 3, '2023-05-19 00:00:00', 1, 2, 4),
(118, 127884, 3, '2023-10-10 00:00:00', 1, 2, 3),
(119, 192542, 3, '2023-01-14 00:00:00', 1, 2, 4),
(120, 123826, 3, '2023-04-16 00:00:00', 1, 2, 3),
(121, 189589, 3, '2023-05-08 00:00:00', 1, 2, 3),
(122, 109952, 3, '2023-03-04 00:00:00', 1, 2, 4),
(123, 152439, 3, '2023-03-25 00:00:00', 1, 2, 4),
(124, 197502, 3, '2023-01-13 00:00:00', 1, 2, 4),
(125, 110658, 3, '2023-05-14 00:00:00', 1, 2, 4),
(126, 106524, 3, '2023-02-14 00:00:00', 1, 2, 3),
(127, 127092, 3, '2023-02-24 00:00:00', 1, 2, 4),
(128, 137711, 3, '2023-04-06 00:00:00', 1, 2, 4),
(129, 174629, 3, '2023-10-20 00:00:00', 1, 2, 3),
(130, 184193, 3, '2023-09-06 00:00:00', 1, 2, 4),
(131, 182754, 3, '2023-09-22 00:00:00', 1, 2, 3),
(132, 134220, 3, '2023-01-06 00:00:00', 1, 2, 3),
(133, 145609, 3, '2023-05-22 00:00:00', 1, 2, 4),
(134, 190388, 3, '2022-11-26 00:00:00', 1, 2, 3),
(135, 182811, 3, '2023-04-25 00:00:00', 1, 2, 3),
(136, 138611, 3, '2023-04-13 00:00:00', 1, 2, 4),
(137, 130211, 3, '2023-03-23 00:00:00', 1, 2, 4),
(138, 174969, 3, '2022-12-28 00:00:00', 1, 2, 4),
(139, 157818, 3, '2023-06-23 00:00:00', 1, 2, 3),
(140, 118402, 3, '2023-04-11 00:00:00', 1, 2, 3),
(141, 144837, 3, '2022-12-06 00:00:00', 1, 2, 4),
(142, 118058, 3, '2022-12-30 00:00:00', 1, 2, 4),
(143, 125325, 3, '2022-12-23 00:00:00', 1, 2, 4),
(144, 193037, 3, '2023-05-07 00:00:00', 1, 2, 3),
(145, 195105, 3, '2022-11-14 00:00:00', 1, 2, 3),
(146, 191673, 3, '2023-10-05 00:00:00', 1, 2, 4),
(147, 101336, 3, '2023-09-20 00:00:00', 1, 2, 3),
(148, 148731, 3, '2022-11-11 00:00:00', 1, 2, 3),
(149, 193123, 3, '2023-02-18 00:00:00', 1, 2, 4),
(150, 109096, 3, '2023-01-04 00:00:00', 1, 2, 3),
(151, 158720, 3, '2022-12-22 00:00:00', 1, 2, 4),
(152, 181078, 3, '2022-12-31 00:00:00', 1, 2, 4),
(153, 119671, 3, '2023-09-06 00:00:00', 1, 2, 4),
(154, 144034, 3, '2023-02-18 00:00:00', 1, 2, 3),
(155, 185212, 3, '2023-05-15 00:00:00', 1, 2, 4),
(156, 143838, 3, '2022-12-06 00:00:00', 1, 2, 3),
(157, 141066, 3, '2023-09-24 00:00:00', 1, 2, 3),
(158, 144336, 3, '2023-02-27 00:00:00', 1, 2, 3),
(159, 133504, 3, '2022-11-29 00:00:00', 1, 2, 4),
(160, 153641, 3, '2023-03-22 00:00:00', 1, 2, 3),
(161, 135523, 3, '2022-11-15 00:00:00', 1, 2, 3),
(162, 197904, 3, '2022-12-16 00:00:00', 1, 2, 4),
(163, 168192, 3, '2023-04-21 00:00:00', 1, 2, 3),
(164, 115668, 3, '2023-03-25 00:00:00', 1, 2, 3),
(165, 160275, 3, '2023-04-29 00:00:00', 1, 2, 4),
(166, 118528, 3, '2023-04-25 00:00:00', 1, 2, 3),
(167, 108003, 3, '2023-01-09 00:00:00', 1, 2, 4),
(168, 154840, 3, '2023-05-14 00:00:00', 1, 2, 4),
(169, 147757, 3, '2023-04-27 00:00:00', 1, 2, 4),
(170, 142288, 3, '2023-10-07 00:00:00', 1, 2, 4),
(171, 178078, 3, '2023-08-09 00:00:00', 1, 2, 3),
(172, 153648, 3, '2023-04-24 00:00:00', 1, 2, 4),
(173, 178318, 3, '2022-12-24 00:00:00', 1, 2, 4),
(174, 145642, 3, '2022-12-24 00:00:00', 1, 2, 3),
(175, 126018, 3, '2023-08-10 00:00:00', 1, 2, 3),
(176, 162823, 3, '2022-12-15 00:00:00', 1, 2, 3),
(177, 120705, 3, '2023-02-08 00:00:00', 1, 2, 4),
(178, 107816, 3, '2022-11-20 00:00:00', 1, 2, 3),
(179, 106951, 3, '2023-01-03 00:00:00', 1, 2, 3),
(180, 118188, 3, '2023-03-03 00:00:00', 1, 2, 3),
(181, 113034, 3, '2023-09-02 00:00:00', 1, 2, 4),
(182, 194152, 3, '2023-01-01 00:00:00', 1, 2, 4),
(183, 153483, 3, '2023-10-31 00:00:00', 1, 2, 3),
(184, 162477, 3, '2023-02-22 00:00:00', 1, 2, 4),
(185, 124859, 3, '2023-05-05 00:00:00', 1, 2, 3),
(186, 120296, 3, '2023-07-15 00:00:00', 1, 2, 3),
(187, 143953, 3, '2023-03-05 00:00:00', 1, 2, 4),
(188, 178962, 3, '2023-03-08 00:00:00', 1, 2, 3),
(189, 103738, 3, '2023-09-08 00:00:00', 1, 2, 3),
(190, 136786, 3, '2023-05-19 00:00:00', 1, 2, 3),
(191, 184395, 3, '2023-07-12 00:00:00', 1, 2, 3),
(192, 188526, 3, '2022-11-26 00:00:00', 1, 2, 3),
(193, 161710, 3, '2023-01-14 00:00:00', 1, 2, 4),
(194, 114140, 3, '2022-12-27 00:00:00', 1, 2, 3),
(195, 105643, 3, '2023-11-01 00:00:00', 1, 2, 3),
(196, 180261, 3, '2023-08-22 00:00:00', 1, 2, 4),
(197, 138405, 3, '2023-10-17 00:00:00', 1, 2, 3),
(198, 130439, 3, '2022-12-29 00:00:00', 1, 2, 3),
(199, 129497, 3, '2023-07-19 00:00:00', 1, 2, 3),
(200, 193116, 3, '2023-06-11 00:00:00', 1, 2, 3),
(201, 102361, 3, '2023-01-20 00:00:00', 1, 2, 3),
(202, 116118, 3, '2023-07-27 00:00:00', 1, 2, 3),
(203, 130217, 3, '2022-11-30 00:00:00', 1, 2, 4),
(204, 153482, 3, '2023-03-10 00:00:00', 1, 2, 4),
(205, 106360, 3, '2023-06-30 00:00:00', 1, 2, 3),
(206, 125003, 3, '2023-05-20 00:00:00', 1, 2, 4),
(207, 123687, 3, '2023-10-09 00:00:00', 1, 2, 3),
(208, 116094, 3, '2023-04-10 00:00:00', 1, 2, 4),
(209, 172420, 3, '2023-03-03 00:00:00', 1, 2, 4),
(210, 117309, 3, '2023-02-02 00:00:00', 1, 2, 4),
(211, 143996, 3, '2023-10-26 00:00:00', 1, 2, 3),
(212, 132738, 3, '2023-02-01 00:00:00', 1, 2, 4),
(213, 190202, 3, '2023-08-19 00:00:00', 1, 2, 3),
(214, 190953, 3, '2023-10-09 00:00:00', 1, 2, 3),
(215, 103079, 3, '2023-06-09 00:00:00', 1, 2, 4),
(216, 163518, 3, '2022-12-02 00:00:00', 1, 2, 4),
(217, 187826, 3, '2022-11-22 00:00:00', 1, 2, 4),
(218, 180263, 3, '2023-04-13 00:00:00', 1, 2, 3),
(219, 109032, 3, '2023-09-10 00:00:00', 1, 2, 3),
(220, 197718, 3, '2023-04-01 00:00:00', 1, 2, 3),
(221, 155380, 3, '2022-12-15 00:00:00', 1, 2, 4),
(222, 132705, 3, '2023-07-18 00:00:00', 1, 2, 3),
(223, 146990, 3, '2023-08-04 00:00:00', 1, 2, 3),
(224, 178333, 3, '2023-06-04 00:00:00', 1, 2, 4),
(225, 192451, 3, '2023-02-27 00:00:00', 1, 2, 3),
(226, 114445, 3, '2023-08-09 00:00:00', 1, 2, 3),
(227, 187325, 3, '2023-10-17 00:00:00', 1, 2, 3),
(228, 161580, 3, '2023-03-01 00:00:00', 1, 2, 4),
(229, 141641, 3, '2023-10-04 00:00:00', 1, 2, 3),
(230, 189446, 3, '2023-09-28 00:00:00', 1, 2, 4),
(231, 191052, 3, '2022-11-16 00:00:00', 1, 2, 3),
(232, 163815, 3, '2023-02-14 00:00:00', 1, 2, 4),
(233, 199257, 3, '2023-03-14 00:00:00', 1, 2, 4),
(234, 191919, 3, '2023-07-09 00:00:00', 1, 2, 3),
(235, 152330, 3, '2022-12-24 00:00:00', 1, 2, 3),
(236, 173022, 3, '2023-02-11 00:00:00', 1, 2, 3),
(237, 169381, 3, '2023-08-01 00:00:00', 1, 2, 3),
(238, 180352, 3, '2023-02-28 00:00:00', 1, 2, 4),
(239, 127468, 3, '2023-06-09 00:00:00', 1, 2, 3),
(240, 101245, 3, '2023-03-26 00:00:00', 1, 2, 4),
(241, 149858, 3, '2023-01-06 00:00:00', 1, 2, 4),
(242, 178336, 3, '2023-07-16 00:00:00', 1, 2, 4),
(243, 146238, 3, '2023-06-23 00:00:00', 1, 2, 3),
(244, 179188, 3, '2023-05-16 00:00:00', 1, 2, 3),
(245, 188775, 3, '2023-09-12 00:00:00', 1, 2, 4),
(246, 151161, 3, '2022-12-18 00:00:00', 1, 2, 3),
(247, 121021, 3, '2022-12-18 00:00:00', 1, 2, 3),
(248, 120003, 3, '2023-07-31 00:00:00', 1, 2, 4),
(249, 168935, 3, '2023-10-07 00:00:00', 1, 2, 3),
(250, 130259, 3, '2023-06-10 00:00:00', 1, 2, 4),
(251, 198484, 3, '2023-06-14 00:00:00', 1, 2, 3),
(252, 105436, 3, '2023-02-25 00:00:00', 1, 2, 3),
(253, 127157, 3, '2023-01-06 00:00:00', 1, 2, 4),
(254, 132675, 3, '2023-09-14 00:00:00', 1, 2, 4),
(255, 101098, 3, '2023-01-26 00:00:00', 1, 2, 4),
(256, 145942, 3, '2023-03-13 00:00:00', 1, 2, 4),
(257, 193470, 3, '2023-05-20 00:00:00', 1, 2, 4),
(258, 153039, 3, '2023-01-21 00:00:00', 1, 2, 3),
(259, 165746, 3, '2022-12-26 00:00:00', 1, 2, 4),
(260, 188415, 3, '2023-08-05 00:00:00', 1, 2, 3),
(261, 191873, 3, '2023-07-26 00:00:00', 1, 2, 4),
(262, 155621, 3, '2023-01-05 00:00:00', 1, 2, 4),
(263, 147440, 3, '2023-09-01 00:00:00', 1, 2, 3),
(264, 190009, 3, '2023-07-05 00:00:00', 1, 2, 3),
(265, 198587, 3, '2023-02-09 00:00:00', 1, 2, 3),
(266, 180678, 3, '2023-08-29 00:00:00', 1, 2, 3),
(267, 185586, 3, '2023-07-24 00:00:00', 1, 2, 4),
(268, 160572, 3, '2023-01-06 00:00:00', 1, 2, 4),
(269, 174430, 3, '2023-10-31 00:00:00', 1, 2, 3),
(270, 193545, 3, '2023-06-21 00:00:00', 1, 2, 4),
(271, 189439, 3, '2023-01-16 00:00:00', 1, 2, 3),
(272, 155103, 3, '2023-04-24 00:00:00', 1, 2, 4),
(273, 189213, 3, '2023-02-28 00:00:00', 1, 2, 3),
(274, 159989, 3, '2023-08-08 00:00:00', 1, 2, 3),
(275, 157827, 3, '2023-08-24 00:00:00', 1, 2, 3),
(276, 132961, 3, '2023-08-30 00:00:00', 1, 2, 3),
(277, 193367, 3, '2023-01-22 00:00:00', 1, 2, 4),
(278, 147601, 3, '2023-10-31 00:00:00', 1, 2, 4),
(279, 164234, 3, '2023-02-12 00:00:00', 1, 2, 4),
(280, 132690, 3, '2023-02-01 00:00:00', 1, 2, 3),
(281, 119922, 3, '2023-08-13 00:00:00', 1, 2, 4),
(282, 112138, 3, '2023-06-30 00:00:00', 1, 2, 4),
(283, 122002, 3, '2023-03-29 00:00:00', 1, 2, 3),
(284, 126551, 3, '2023-08-21 00:00:00', 1, 2, 4),
(285, 121712, 3, '2023-01-19 00:00:00', 1, 2, 3),
(286, 198907, 3, '2023-11-02 00:00:00', 1, 2, 3),
(287, 131229, 3, '2023-03-30 00:00:00', 1, 2, 3),
(288, 129402, 3, '2023-07-23 00:00:00', 1, 2, 3),
(289, 114011, 3, '2023-07-15 00:00:00', 1, 2, 4),
(290, 108407, 3, '2023-01-12 00:00:00', 1, 2, 4),
(291, 139599, 3, '2023-10-10 00:00:00', 1, 2, 3),
(292, 145268, 3, '2023-09-21 00:00:00', 1, 2, 4),
(293, 152245, 3, '2023-06-10 00:00:00', 1, 2, 4),
(294, 149345, 3, '2023-08-23 00:00:00', 1, 2, 3),
(295, 162256, 3, '2023-05-11 00:00:00', 1, 2, 3),
(296, 176426, 3, '2023-04-13 00:00:00', 1, 2, 3),
(297, 191663, 3, '2023-06-23 00:00:00', 1, 2, 3),
(298, 154371, 3, '2023-03-01 00:00:00', 1, 2, 3),
(299, 136214, 3, '2023-10-07 00:00:00', 1, 2, 3),
(300, 128997, 3, '2023-08-09 00:00:00', 1, 2, 3),
(301, 109328, 3, '2023-07-15 00:00:00', 1, 2, 3),
(302, 121127, 3, '2023-01-18 00:00:00', 1, 2, 4),
(303, 100143, 3, '2023-04-11 00:00:00', 1, 2, 3),
(304, 133434, 3, '2023-02-23 00:00:00', 1, 2, 3),
(455, 170458, 3, '2022-03-23 00:00:00', 1, 2, 4),
(456, 130302, 3, '2021-04-15 00:00:00', 1, 2, 3),
(457, 173419, 3, '2021-10-15 00:00:00', 1, 2, 4),
(458, 133815, 3, '2022-07-31 00:00:00', 1, 2, 3),
(459, 107470, 3, '2021-10-13 00:00:00', 1, 2, 3),
(460, 102747, 3, '2022-06-17 00:00:00', 1, 2, 3),
(461, 169338, 3, '2021-12-03 00:00:00', 1, 2, 3),
(462, 199660, 3, '2022-02-16 00:00:00', 1, 2, 3),
(463, 185255, 3, '2021-07-17 00:00:00', 1, 2, 3),
(464, 119581, 3, '2022-05-09 00:00:00', 1, 2, 3),
(465, 132463, 3, '2022-03-15 00:00:00', 1, 2, 4),
(466, 167430, 3, '2021-02-02 00:00:00', 1, 2, 4),
(467, 119458, 3, '2021-08-26 00:00:00', 1, 2, 4),
(468, 138054, 3, '2022-02-05 00:00:00', 1, 2, 3),
(469, 127782, 3, '2021-06-14 00:00:00', 1, 2, 4),
(470, 132381, 3, '2021-04-17 00:00:00', 1, 2, 4),
(471, 168044, 3, '2021-03-05 00:00:00', 1, 2, 3),
(472, 108213, 3, '2021-02-04 00:00:00', 1, 2, 4),
(473, 100015, 3, '2021-07-19 00:00:00', 1, 2, 4),
(474, 134719, 3, '2021-05-29 00:00:00', 1, 2, 3),
(475, 154119, 3, '2021-09-02 00:00:00', 1, 2, 4),
(476, 138436, 3, '2022-07-29 00:00:00', 1, 2, 4),
(477, 189605, 3, '2022-03-16 00:00:00', 1, 2, 4),
(478, 118618, 3, '2021-09-11 00:00:00', 1, 2, 3),
(479, 122091, 3, '2021-11-05 00:00:00', 1, 2, 4),
(480, 171547, 3, '2022-01-21 00:00:00', 1, 2, 4),
(481, 162222, 3, '2022-05-18 00:00:00', 1, 2, 3),
(482, 160075, 3, '2021-11-07 00:00:00', 1, 2, 3),
(483, 171239, 3, '2021-10-02 00:00:00', 1, 2, 4),
(484, 196070, 3, '2021-07-11 00:00:00', 1, 2, 4),
(485, 159831, 3, '2022-06-28 00:00:00', 1, 2, 3),
(486, 128676, 3, '2021-10-09 00:00:00', 1, 2, 3),
(487, 191761, 3, '2022-05-28 00:00:00', 1, 2, 3),
(488, 127245, 3, '2021-10-17 00:00:00', 1, 2, 3),
(489, 157752, 3, '2021-07-07 00:00:00', 1, 2, 3),
(490, 163555, 3, '2022-03-03 00:00:00', 1, 2, 4),
(491, 149414, 3, '2021-12-17 00:00:00', 1, 2, 4),
(492, 177061, 3, '2021-12-05 00:00:00', 1, 2, 3),
(493, 150948, 3, '2022-01-04 00:00:00', 1, 2, 4),
(494, 143179, 3, '2022-02-23 00:00:00', 1, 2, 3),
(495, 150648, 3, '2021-08-12 00:00:00', 1, 2, 3),
(496, 106163, 3, '2021-09-23 00:00:00', 1, 2, 3),
(497, 119566, 3, '2021-06-17 00:00:00', 1, 2, 4),
(498, 140006, 3, '2021-10-28 00:00:00', 1, 2, 3),
(499, 149414, 3, '2021-10-07 00:00:00', 1, 2, 3),
(500, 169450, 3, '2021-01-02 00:00:00', 1, 2, 3),
(501, 189632, 3, '2021-01-21 00:00:00', 1, 2, 3),
(502, 125223, 3, '2021-07-20 00:00:00', 1, 2, 3),
(503, 176834, 3, '2021-11-15 00:00:00', 1, 2, 3),
(504, 142324, 3, '2022-03-09 00:00:00', 1, 2, 4),
(505, 165156, 3, '2021-10-17 00:00:00', 1, 2, 4),
(506, 101044, 3, '2022-05-17 00:00:00', 1, 2, 3),
(507, 133128, 3, '2021-08-19 00:00:00', 1, 2, 3),
(508, 133267, 3, '2022-03-30 00:00:00', 1, 2, 3),
(509, 105031, 3, '2021-02-20 00:00:00', 1, 2, 4),
(510, 135429, 3, '2021-11-30 00:00:00', 1, 2, 4),
(511, 153543, 3, '2021-07-09 00:00:00', 1, 2, 4),
(512, 174888, 3, '2022-02-21 00:00:00', 1, 2, 4),
(513, 184375, 3, '2022-04-11 00:00:00', 1, 2, 3),
(514, 158246, 3, '2021-09-12 00:00:00', 1, 2, 4),
(515, 167230, 3, '2022-03-07 00:00:00', 1, 2, 4),
(516, 139095, 3, '2021-04-16 00:00:00', 1, 2, 3),
(517, 102815, 3, '2021-10-01 00:00:00', 1, 2, 3),
(518, 197818, 3, '2021-10-16 00:00:00', 1, 2, 4),
(519, 182083, 3, '2022-07-07 00:00:00', 1, 2, 4),
(520, 160392, 3, '2021-07-15 00:00:00', 1, 2, 4),
(521, 154900, 3, '2022-01-21 00:00:00', 1, 2, 3),
(522, 171873, 3, '2021-04-30 00:00:00', 1, 2, 4),
(523, 147247, 3, '2021-12-19 00:00:00', 1, 2, 4),
(524, 191867, 3, '2022-07-06 00:00:00', 1, 2, 3),
(525, 194319, 3, '2022-06-27 00:00:00', 1, 2, 3),
(526, 127429, 3, '2022-06-07 00:00:00', 1, 2, 3),
(527, 181020, 3, '2022-06-04 00:00:00', 1, 2, 3),
(528, 183439, 3, '2021-02-11 00:00:00', 1, 2, 3),
(529, 160826, 3, '2021-01-09 00:00:00', 1, 2, 4),
(530, 172406, 3, '2021-09-24 00:00:00', 1, 2, 3),
(531, 196267, 3, '2022-03-14 00:00:00', 1, 2, 3),
(532, 148891, 3, '2021-07-24 00:00:00', 1, 2, 4),
(533, 188577, 3, '2021-02-06 00:00:00', 1, 2, 3),
(534, 124054, 3, '2021-07-21 00:00:00', 1, 2, 3),
(535, 171509, 3, '2021-06-27 00:00:00', 1, 2, 4),
(536, 103347, 3, '2022-06-03 00:00:00', 1, 2, 4),
(537, 121819, 3, '2022-07-26 00:00:00', 1, 2, 4),
(538, 156876, 3, '2022-04-14 00:00:00', 1, 2, 3),
(539, 105503, 3, '2021-05-15 00:00:00', 1, 2, 3),
(540, 198370, 3, '2021-08-22 00:00:00', 1, 2, 4),
(541, 143704, 3, '2021-12-08 00:00:00', 1, 2, 3),
(542, 179746, 3, '2022-01-05 00:00:00', 1, 2, 3),
(543, 113689, 3, '2021-01-08 00:00:00', 1, 2, 3),
(544, 134828, 3, '2021-02-11 00:00:00', 1, 2, 3),
(545, 139607, 3, '2021-10-21 00:00:00', 1, 2, 3),
(546, 133790, 3, '2022-06-10 00:00:00', 1, 2, 4),
(547, 112300, 3, '2021-11-30 00:00:00', 1, 2, 4),
(548, 155460, 3, '2022-06-06 00:00:00', 1, 2, 3),
(549, 136697, 3, '2022-05-29 00:00:00', 1, 2, 3),
(550, 142266, 3, '2021-11-28 00:00:00', 1, 2, 3),
(551, 117566, 3, '2021-10-16 00:00:00', 1, 2, 4),
(552, 136840, 3, '2021-09-19 00:00:00', 1, 2, 4),
(553, 197974, 3, '2021-04-18 00:00:00', 1, 2, 4),
(554, 119577, 3, '2021-06-22 00:00:00', 1, 2, 3),
(555, 173704, 3, '2021-12-15 00:00:00', 1, 2, 4),
(556, 188065, 3, '2022-05-12 00:00:00', 1, 2, 3),
(557, 169295, 3, '2022-07-19 00:00:00', 1, 2, 4),
(558, 169206, 3, '2021-01-16 00:00:00', 1, 2, 3),
(559, 174301, 3, '2021-08-17 00:00:00', 1, 2, 3),
(560, 199966, 3, '2021-03-07 00:00:00', 1, 2, 3),
(561, 153663, 3, '2022-07-09 00:00:00', 1, 2, 3),
(562, 147787, 3, '2022-01-04 00:00:00', 1, 2, 3),
(563, 131778, 3, '2022-07-14 00:00:00', 1, 2, 4),
(564, 124293, 3, '2021-04-29 00:00:00', 1, 2, 4),
(565, 100422, 3, '2021-10-01 00:00:00', 1, 2, 4),
(566, 129851, 3, '2021-02-15 00:00:00', 1, 2, 3),
(567, 113857, 3, '2022-06-11 00:00:00', 1, 2, 4),
(568, 107953, 3, '2022-04-08 00:00:00', 1, 2, 3),
(569, 159448, 3, '2021-10-25 00:00:00', 1, 2, 4),
(570, 197821, 3, '2021-06-25 00:00:00', 1, 2, 4),
(571, 157352, 3, '2021-05-31 00:00:00', 1, 2, 4),
(572, 167423, 3, '2021-11-16 00:00:00', 1, 2, 3),
(573, 104609, 3, '2021-10-30 00:00:00', 1, 2, 3),
(574, 182825, 3, '2021-07-05 00:00:00', 1, 2, 4),
(575, 170656, 3, '2021-12-29 00:00:00', 1, 2, 4),
(576, 194741, 3, '2021-09-17 00:00:00', 1, 2, 4),
(577, 156742, 3, '2021-03-20 00:00:00', 1, 2, 3),
(578, 188484, 3, '2021-09-30 00:00:00', 1, 2, 3),
(579, 122321, 3, '2022-02-01 00:00:00', 1, 2, 4),
(580, 148232, 3, '2022-06-22 00:00:00', 1, 2, 3),
(581, 149617, 3, '2022-04-27 00:00:00', 1, 2, 3),
(582, 196406, 3, '2021-08-27 00:00:00', 1, 2, 3),
(583, 162701, 3, '2021-12-28 00:00:00', 1, 2, 3),
(584, 105019, 3, '2022-06-04 00:00:00', 1, 2, 3),
(585, 144456, 3, '2022-01-19 00:00:00', 1, 2, 3),
(586, 180990, 3, '2021-03-27 00:00:00', 1, 2, 4),
(587, 148069, 3, '2021-01-12 00:00:00', 1, 2, 4),
(588, 142457, 3, '2021-05-24 00:00:00', 1, 2, 4),
(589, 194389, 3, '2022-04-29 00:00:00', 1, 2, 3),
(590, 127053, 3, '2022-01-13 00:00:00', 1, 2, 4),
(591, 117833, 3, '2021-06-02 00:00:00', 1, 2, 4),
(592, 104057, 3, '2021-03-05 00:00:00', 1, 2, 3),
(593, 128979, 3, '2022-05-20 00:00:00', 1, 2, 3),
(594, 166527, 3, '2021-11-16 00:00:00', 1, 2, 4),
(595, 113326, 3, '2021-08-21 00:00:00', 1, 2, 4),
(596, 164299, 3, '2021-01-29 00:00:00', 1, 2, 4),
(597, 183085, 3, '2021-10-21 00:00:00', 1, 2, 3),
(598, 115133, 3, '2021-09-06 00:00:00', 1, 2, 4),
(599, 180370, 3, '2021-11-02 00:00:00', 1, 2, 3),
(600, 180628, 3, '2021-04-21 00:00:00', 1, 2, 4),
(601, 181819, 3, '2021-10-23 00:00:00', 1, 2, 4),
(602, 169410, 3, '2021-02-14 00:00:00', 1, 2, 3),
(603, 132763, 3, '2022-03-26 00:00:00', 1, 2, 3),
(604, 104316, 3, '2021-04-10 00:00:00', 1, 2, 3),
(605, 166737, 3, '2022-04-22 00:00:00', 1, 2, 3),
(606, 168218, 3, '2021-10-24 00:00:00', 1, 2, 3),
(607, 120193, 3, '2021-05-01 00:00:00', 1, 2, 4),
(608, 143298, 3, '2021-12-29 00:00:00', 1, 2, 3),
(609, 121788, 3, '2022-05-05 00:00:00', 1, 2, 4),
(610, 125076, 3, '2022-07-09 00:00:00', 1, 2, 3),
(611, 115694, 3, '2021-01-26 00:00:00', 1, 2, 3),
(612, 109233, 3, '2021-01-02 00:00:00', 1, 2, 3),
(613, 120230, 3, '2022-04-10 00:00:00', 1, 2, 3),
(614, 152096, 3, '2021-12-09 00:00:00', 1, 2, 3),
(615, 136075, 3, '2021-10-27 00:00:00', 1, 2, 4),
(616, 144593, 3, '2021-06-30 00:00:00', 1, 2, 4),
(617, 172907, 3, '2021-05-26 00:00:00', 1, 2, 4),
(618, 149615, 3, '2021-09-07 00:00:00', 1, 2, 3),
(619, 186381, 3, '2022-01-16 00:00:00', 1, 2, 4),
(620, 148628, 3, '2021-02-09 00:00:00', 1, 2, 3),
(621, 129619, 3, '2021-11-22 00:00:00', 1, 2, 3),
(622, 180783, 3, '2021-02-19 00:00:00', 1, 2, 4),
(623, 122576, 3, '2021-10-26 00:00:00', 1, 2, 3),
(624, 136368, 3, '2022-03-15 00:00:00', 1, 2, 4),
(625, 105370, 3, '2021-10-09 00:00:00', 1, 2, 3),
(626, 188333, 3, '2021-01-24 00:00:00', 1, 2, 3),
(627, 109936, 3, '2021-07-18 00:00:00', 1, 2, 3),
(628, 156596, 3, '2021-03-03 00:00:00', 1, 2, 4),
(629, 114948, 3, '2021-09-14 00:00:00', 1, 2, 3),
(630, 186422, 3, '2022-01-10 00:00:00', 1, 2, 3),
(631, 114521, 3, '2022-07-07 00:00:00', 1, 2, 3),
(632, 157450, 3, '2021-05-13 00:00:00', 1, 2, 4),
(633, 191396, 3, '2021-05-17 00:00:00', 1, 2, 4),
(634, 150341, 3, '2021-11-21 00:00:00', 1, 2, 4),
(635, 149552, 3, '2021-06-08 00:00:00', 1, 2, 3),
(636, 149708, 3, '2022-06-17 00:00:00', 1, 2, 3),
(637, 115194, 3, '2022-02-23 00:00:00', 1, 2, 3),
(638, 158314, 3, '2022-01-02 00:00:00', 1, 2, 4),
(639, 127635, 3, '2022-05-12 00:00:00', 1, 2, 3),
(640, 147710, 3, '2022-07-23 00:00:00', 1, 2, 4),
(641, 186468, 3, '2022-04-08 00:00:00', 1, 2, 4),
(642, 150525, 3, '2022-01-13 00:00:00', 1, 2, 4),
(643, 100984, 3, '2021-12-01 00:00:00', 1, 2, 4),
(644, 116750, 3, '2021-07-08 00:00:00', 1, 2, 3),
(645, 115122, 3, '2022-05-18 00:00:00', 1, 2, 3),
(646, 153733, 3, '2021-05-11 00:00:00', 1, 2, 3),
(647, 143821, 3, '2022-01-29 00:00:00', 1, 2, 4),
(648, 193359, 3, '2022-05-24 00:00:00', 1, 2, 4),
(649, 189196, 3, '2021-10-25 00:00:00', 1, 2, 4),
(650, 134807, 3, '2021-01-24 00:00:00', 1, 2, 3),
(651, 134368, 3, '2022-03-20 00:00:00', 1, 2, 3),
(652, 156636, 3, '2022-04-04 00:00:00', 1, 2, 4),
(653, 129490, 3, '2022-01-18 00:00:00', 1, 2, 3),
(654, 111188, 3, '2021-09-18 00:00:00', 1, 2, 3),
(655, 135140, 3, '2022-03-28 00:00:00', 1, 2, 4),
(656, 110065, 3, '2021-09-05 00:00:00', 1, 2, 3),
(657, 118493, 3, '2022-06-12 00:00:00', 1, 2, 3),
(658, 104382, 3, '2022-06-02 00:00:00', 1, 2, 3),
(659, 181978, 3, '2021-03-15 00:00:00', 1, 2, 4),
(660, 198932, 3, '2022-03-14 00:00:00', 1, 2, 4),
(661, 184323, 3, '2021-02-17 00:00:00', 1, 2, 4),
(662, 132528, 3, '2022-04-13 00:00:00', 1, 2, 3),
(663, 189644, 3, '2022-06-03 00:00:00', 1, 2, 3),
(664, 194566, 3, '2021-06-23 00:00:00', 1, 2, 3),
(665, 165201, 3, '2021-12-03 00:00:00', 1, 2, 3),
(666, 165913, 3, '2021-01-04 00:00:00', 1, 2, 4),
(667, 120406, 3, '2022-03-28 00:00:00', 1, 2, 3),
(668, 108278, 3, '2022-03-07 00:00:00', 1, 2, 4),
(669, 175859, 3, '2021-07-29 00:00:00', 1, 2, 3),
(670, 188948, 3, '2021-01-14 00:00:00', 1, 2, 3),
(671, 156640, 3, '2021-12-20 00:00:00', 1, 2, 3),
(672, 144400, 3, '2022-07-18 00:00:00', 1, 2, 4),
(673, 189040, 3, '2022-06-28 00:00:00', 1, 2, 3),
(674, 164236, 3, '2021-05-22 00:00:00', 1, 2, 4),
(675, 162490, 3, '2021-05-23 00:00:00', 1, 2, 4),
(676, 119567, 3, '2021-09-14 00:00:00', 1, 2, 3),
(677, 189339, 3, '2022-03-05 00:00:00', 1, 2, 4),
(678, 142175, 3, '2021-08-07 00:00:00', 1, 2, 3),
(679, 144346, 3, '2021-07-16 00:00:00', 1, 2, 4),
(680, 180427, 3, '2021-06-30 00:00:00', 1, 2, 4),
(681, 106038, 3, '2021-12-15 00:00:00', 1, 2, 3),
(682, 123417, 3, '2022-05-04 00:00:00', 1, 2, 3),
(683, 193589, 3, '2021-02-14 00:00:00', 1, 2, 4),
(684, 110799, 3, '2022-04-26 00:00:00', 1, 2, 4),
(685, 183870, 3, '2022-01-04 00:00:00', 1, 2, 4),
(686, 128535, 3, '2022-07-12 00:00:00', 1, 2, 3),
(687, 146185, 3, '2021-12-23 00:00:00', 1, 2, 3),
(688, 157932, 3, '2022-03-03 00:00:00', 1, 2, 4),
(689, 154175, 3, '2022-02-14 00:00:00', 1, 2, 4),
(690, 154707, 3, '2022-03-06 00:00:00', 1, 2, 4),
(691, 152692, 3, '2021-02-11 00:00:00', 1, 2, 4),
(692, 151993, 3, '2021-07-21 00:00:00', 1, 2, 3),
(693, 172614, 3, '2022-02-04 00:00:00', 1, 2, 3),
(694, 142012, 3, '2021-05-09 00:00:00', 1, 2, 4),
(695, 133134, 3, '2021-10-26 00:00:00', 1, 2, 3),
(696, 125007, 3, '2021-10-04 00:00:00', 1, 2, 4),
(697, 112222, 3, '2021-12-22 00:00:00', 1, 2, 3),
(698, 116714, 3, '2021-01-17 00:00:00', 1, 2, 3),
(699, 151338, 3, '2021-10-24 00:00:00', 1, 2, 3),
(700, 127967, 3, '2022-07-28 00:00:00', 1, 2, 4),
(701, 124344, 3, '2021-09-05 00:00:00', 1, 2, 4),
(702, 137943, 3, '2021-05-25 00:00:00', 1, 2, 4),
(703, 174826, 3, '2021-01-12 00:00:00', 1, 2, 3),
(704, 156806, 3, '2021-04-01 00:00:00', 1, 2, 4),
(705, 125544, 3, '2021-07-18 00:00:00', 1, 2, 4),
(706, 152231, 3, '2021-02-08 00:00:00', 1, 2, 4),
(707, 194990, 3, '2021-12-26 00:00:00', 1, 2, 4),
(708, 174084, 3, '2022-07-03 00:00:00', 1, 2, 4),
(709, 161537, 3, '2021-01-06 00:00:00', 1, 2, 3),
(710, 101891, 3, '2021-07-15 00:00:00', 1, 2, 3),
(711, 181644, 3, '2021-11-29 00:00:00', 1, 2, 3),
(712, 198638, 3, '2021-12-14 00:00:00', 1, 2, 4),
(713, 151334, 3, '2021-08-11 00:00:00', 1, 2, 3),
(714, 130022, 3, '2022-03-08 00:00:00', 1, 2, 3),
(715, 179048, 3, '2021-12-05 00:00:00', 1, 2, 3),
(716, 138182, 3, '2021-09-23 00:00:00', 1, 2, 3),
(717, 194414, 3, '2021-11-13 00:00:00', 1, 2, 4),
(718, 178022, 3, '2021-02-10 00:00:00', 1, 2, 4),
(719, 168968, 3, '2022-04-11 00:00:00', 1, 2, 3),
(720, 118477, 3, '2022-06-10 00:00:00', 1, 2, 4),
(721, 169594, 3, '2022-07-09 00:00:00', 1, 2, 4),
(722, 117796, 3, '2021-05-28 00:00:00', 1, 2, 4),
(723, 170260, 3, '2022-01-31 00:00:00', 1, 2, 4),
(724, 117771, 3, '2021-12-06 00:00:00', 1, 2, 4),
(725, 193961, 3, '2022-07-06 00:00:00', 1, 2, 4),
(726, 108528, 3, '2022-04-20 00:00:00', 1, 2, 3),
(727, 149791, 3, '2021-01-08 00:00:00', 1, 2, 3),
(728, 103496, 3, '2022-02-09 00:00:00', 1, 2, 3),
(729, 158802, 3, '2021-01-27 00:00:00', 1, 2, 4),
(730, 168006, 3, '2021-04-22 00:00:00', 1, 2, 4),
(731, 174096, 3, '2021-05-02 00:00:00', 1, 2, 4),
(732, 169854, 3, '2021-04-07 00:00:00', 1, 2, 4),
(733, 170868, 3, '2022-01-31 00:00:00', 1, 2, 3),
(734, 193839, 3, '2021-08-13 00:00:00', 1, 2, 3),
(735, 135917, 3, '2022-04-19 00:00:00', 1, 2, 3),
(736, 197697, 3, '2022-05-24 00:00:00', 1, 2, 3),
(737, 107759, 3, '2021-04-05 00:00:00', 1, 2, 4),
(738, 195186, 3, '2021-07-13 00:00:00', 1, 2, 3),
(739, 159119, 3, '2022-07-20 00:00:00', 1, 2, 4),
(740, 105459, 3, '2021-07-15 00:00:00', 1, 2, 4),
(741, 127650, 3, '2022-06-25 00:00:00', 1, 2, 4),
(742, 112773, 3, '2022-06-24 00:00:00', 1, 2, 3),
(743, 162009, 3, '2021-04-15 00:00:00', 1, 2, 3),
(744, 158916, 3, '2021-10-27 00:00:00', 1, 2, 3),
(745, 109625, 3, '2022-06-02 00:00:00', 1, 2, 4),
(746, 177863, 3, '2022-03-05 00:00:00', 1, 2, 4),
(747, 154569, 3, '2021-05-03 00:00:00', 1, 2, 4),
(748, 158371, 3, '2022-01-14 00:00:00', 1, 2, 3),
(749, 150084, 3, '2021-05-08 00:00:00', 1, 2, 4),
(750, 199879, 3, '2021-07-20 00:00:00', 1, 2, 4),
(751, 141427, 3, '2021-05-13 00:00:00', 1, 2, 4),
(752, 152273, 3, '2021-09-23 00:00:00', 1, 2, 3),
(753, 197768, 3, '2022-01-08 00:00:00', 1, 2, 3),
(754, 191788, 3, '2021-11-05 00:00:00', 1, 2, 4),
(755, 129000, 3, '2023-11-08 10:26:39', 1, 2, 5);

-- --------------------------------------------------------

--
-- Cấu trúc bảng cho bảng `adsstatus`
--

CREATE TABLE `adsstatus` (
  `id` int(11) NOT NULL,
  `statusTitle` varchar(100) DEFAULT NULL
) ENGINE=InnoDB DEFAULT CHARSET=utf8mb4 COLLATE=utf8mb4_general_ci;

--
-- Đang đổ dữ liệu cho bảng `adsstatus`
--

INSERT INTO `adsstatus` (`id`, `statusTitle`) VALUES
(1, 'Chờ xác nhận'),
(2, 'Chờ thanh toán'),
(3, 'Đang hoạt động'),
(4, 'Chờ gia hạn'),
(5, 'Khóa');

-- --------------------------------------------------------

--
-- Cấu trúc bảng cho bảng `advertisement`
--

CREATE TABLE `advertisement` (
  `id` int(11) NOT NULL,
  `adsFrom` int(11) DEFAULT NULL,
  `adsLink` varchar(2000) DEFAULT NULL,
  `watchedTimes` int(11) DEFAULT 0,
  `addDate` datetime DEFAULT current_timestamp(),
  `statusAds` int(1) NOT NULL DEFAULT 1
) ENGINE=InnoDB DEFAULT CHARSET=utf8mb4 COLLATE=utf8mb4_general_ci;

--
-- Đang đổ dữ liệu cho bảng `advertisement`
--

INSERT INTO `advertisement` (`id`, `adsFrom`, `adsLink`, `watchedTimes`, `addDate`, `statusAds`) VALUES
(3, 3, 'asd', 0, '2023-11-07 18:30:15', 3),
(4, 3, 'gg.com', 0, '2023-11-07 19:01:05', 2),
(5, 3, 'alo', 0, '2023-11-08 10:26:39', 3);

--
-- Bẫy `advertisement`
--
DELIMITER $$
CREATE TRIGGER `create_invoice_after_insert` AFTER INSERT ON `advertisement` FOR EACH ROW BEGIN
  -- Insert a new record into the adsinvoice table
  INSERT INTO adsinvoice (price, accountId,adsId)
  VALUES (129000, NEW.adsFrom, NEW.id);
END
$$
DELIMITER ;

-- --------------------------------------------------------

--
-- Cấu trúc bảng cho bảng `invoice`
--

CREATE TABLE `invoice` (
  `id` int(11) NOT NULL,
  `accountId` int(11) DEFAULT NULL,
  `voucherId` int(11) DEFAULT NULL,
  `serviceId` int(11) DEFAULT NULL,
  `price` float DEFAULT NULL,
  `discount` float DEFAULT NULL,
  `total` float DEFAULT NULL,
  `purchaseStatus` int(11) DEFAULT NULL,
  `paymentMethod` int(11) DEFAULT NULL,
  `createDate` datetime DEFAULT current_timestamp(),
  `purchaseDate` datetime DEFAULT NULL
) ENGINE=InnoDB DEFAULT CHARSET=utf8mb4 COLLATE=utf8mb4_general_ci;

--
-- Đang đổ dữ liệu cho bảng `invoice`
--

INSERT INTO `invoice` (`id`, `accountId`, `voucherId`, `serviceId`, `price`, `discount`, `total`, `purchaseStatus`, `paymentMethod`, `createDate`, `purchaseDate`) VALUES
(1, 2, NULL, 6, 199000, NULL, 199000, 2, 1, '2023-11-07 20:36:04', '2023-11-06 20:35:21'),
(2, 2, NULL, 6, 199000, NULL, 199000, 2, 1, '2023-11-07 20:43:32', '2022-11-01 20:43:03');

-- --------------------------------------------------------

--
-- Cấu trúc bảng cho bảng `invoicepaymentmethod`
--

CREATE TABLE `invoicepaymentmethod` (
  `id` int(11) NOT NULL,
  `method` varchar(100) DEFAULT NULL
) ENGINE=InnoDB DEFAULT CHARSET=utf8mb4 COLLATE=utf8mb4_general_ci;

--
-- Đang đổ dữ liệu cho bảng `invoicepaymentmethod`
--

INSERT INTO `invoicepaymentmethod` (`id`, `method`) VALUES
(1, 'VNPay');

-- --------------------------------------------------------

--
-- Cấu trúc bảng cho bảng `invoicepurchasestatus`
--

CREATE TABLE `invoicepurchasestatus` (
  `id` int(11) NOT NULL,
  `state` varchar(100) DEFAULT NULL
) ENGINE=InnoDB DEFAULT CHARSET=utf8mb4 COLLATE=utf8mb4_general_ci;

--
-- Đang đổ dữ liệu cho bảng `invoicepurchasestatus`
--

INSERT INTO `invoicepurchasestatus` (`id`, `state`) VALUES
(1, 'Chờ thanh toán'),
(2, 'Thanh toán thành công'),
(3, 'Thanh toán thất bại');

-- --------------------------------------------------------

--
-- Cấu trúc bảng cho bảng `resolution`
--

CREATE TABLE `resolution` (
  `id` int(11) NOT NULL,
  `resolution` varchar(20) DEFAULT NULL,
  `resValue` varchar(30) DEFAULT NULL
) ENGINE=InnoDB DEFAULT CHARSET=utf8mb4 COLLATE=utf8mb4_general_ci;

--
-- Đang đổ dữ liệu cho bảng `resolution`
--

INSERT INTO `resolution` (`id`, `resolution`, `resValue`) VALUES
(1, '720p', '1280x720'),
(2, '1080p', '1920x1080'),
(3, '2K', '2048x1080'),
(4, '4K UHD', '3840x2160'),
(5, '8K UHD', '7680x4320'),
(6, '480p', '854x480'),
(7, '360p', '640x360'),
(8, '240p', '426x240'),
(9, '144p', '256x144'),
(10, '2160p', '3840x2160'),
(11, '1440p', '2560x1440'),
(12, '720x576', '720x576'),
(13, '720x480', '720x480'),
(14, '720x404', '720x404'),
(15, '640x480', '640x480'),
(16, '640x360', '640x360'),
(17, '320x240', '320x240'),
(18, '240x160', '240x160'),
(19, '160x120', '160x120');

-- --------------------------------------------------------

--
-- Cấu trúc bảng cho bảng `service`
--

CREATE TABLE `service` (
  `id` int(11) NOT NULL,
  `name` varchar(200) DEFAULT NULL,
  `price` float DEFAULT NULL,
  `createDate` datetime DEFAULT current_timestamp(),
  `maxResolution` int(11) DEFAULT NULL,
  `haveAds` bit(1) DEFAULT NULL,
  `haveHistory` bit(1) DEFAULT NULL,
  `duration` int(11) DEFAULT NULL
) ENGINE=InnoDB DEFAULT CHARSET=utf8mb4 COLLATE=utf8mb4_general_ci;

--
-- Đang đổ dữ liệu cho bảng `service`
--

INSERT INTO `service` (`id`, `name`, `price`, `createDate`, `maxResolution`, `haveAds`, `haveHistory`, `duration`) VALUES
(4, 'Basic Service', 9.99, '2023-01-15 00:00:00', 2, b'1', b'1', 30),
(5, 'Premium Service', 14.99, '2023-02-10 00:00:00', 4, b'0', b'1', 30),
(6, 'Family Plan', 19.99, '2023-03-05 00:00:00', 4, b'0', b'1', 30);

-- --------------------------------------------------------

--
-- Cấu trúc bảng cho bảng `supplier`
--

CREATE TABLE `supplier` (
  `id` int(11) NOT NULL,
  `name` varchar(200) DEFAULT NULL,
  `addDate` datetime DEFAULT current_timestamp(),
  `totalPaying` float DEFAULT NULL
) ENGINE=InnoDB DEFAULT CHARSET=utf8mb4 COLLATE=utf8mb4_general_ci;

--
-- Đang đổ dữ liệu cho bảng `supplier`
--

INSERT INTO `supplier` (`id`, `name`, `addDate`, `totalPaying`) VALUES
(1, 'Marvel Studios', '2023-01-15 00:00:00', 2500),
(2, 'Warner Bros. Pictures', '2023-02-10 00:00:00', 3200.5),
(3, 'Sony Pictures Entertainment', '2023-03-05 00:00:00', 1850.75),
(4, '20th Century Studios', '2023-04-20 00:00:00', 4200.25),
(5, 'Universal Pictures', '2023-05-12 00:00:00', 3100),
(6, 'Paramount Pictures', '2023-06-28 00:00:00', 2700.75),
(7, 'Lionsgate Films', '2023-07-09 00:00:00', 1980.5),
(8, 'New Line Cinema', '2023-08-14 00:00:00', 3750.25),
(9, 'Column', '2023-10-18 00:00:00', 123),
(10, 'Legendary Pictures', '2023-10-02 00:00:00', 1950.75),
(11, 'Disney Pixar', '2023-11-18 00:00:00', 3100.25),
(12, 'DreamWorks Pictures', '2023-12-22 00:00:00', 2450.75),
(13, '20th Century Fox', '2024-01-10 00:00:00', 3750),
(14, 'A24 Films', '2024-02-28 00:00:00', 1800.5),
(15, 'Miramax Films', '2024-03-15 00:00:00', 2250.25),
(16, 'Focus Features', '2024-04-09 00:00:00', 2600),
(17, 'CJ Entertainment', '2024-05-25 00:00:00', 3400.75),
(18, 'STX Films', '2024-06-14 00:00:00', 1980),
(19, 'Studio Ghibli', '2024-07-03 00:00:00', 3100.25),
(20, 'Summit Entertainment', '2024-08-22 00:00:00', 2800.75);

-- --------------------------------------------------------

--
-- Cấu trúc bảng cho bảng `useraccount`
--

CREATE TABLE `useraccount` (
  `id` int(11) NOT NULL,
  `username` varchar(200) DEFAULT NULL,
  `pass` varchar(4000) DEFAULT NULL,
  `email` varchar(200) DEFAULT NULL,
  `role` int(11) DEFAULT NULL,
  `registerDate` datetime DEFAULT current_timestamp(),
  `fullname` varchar(200) DEFAULT NULL,
  `birth` date DEFAULT NULL,
  `address` varchar(30) DEFAULT NULL,
  `currentService` int(11) DEFAULT NULL
) ENGINE=InnoDB DEFAULT CHARSET=utf8mb4 COLLATE=utf8mb4_general_ci;

--
-- Đang đổ dữ liệu cho bảng `useraccount`
--

INSERT INTO `useraccount` (`id`, `username`, `pass`, `email`, `role`, `registerDate`, `fullname`, `birth`, `address`, `currentService`) VALUES
(1, 'admin', '1', NULL, 1, '2023-10-30 01:33:46', 'admin', NULL, NULL, NULL),
(2, 'khach', '1', NULL, 2, '2023-10-30 01:34:10', 'Nguyen Van Khach', '2023-10-11', 'VN', NULL),
(3, 'google', '1', 'google.com', 3, '2023-10-31 20:59:28', 'Google Com.', NULL, 'USA', NULL);

-- --------------------------------------------------------

--
-- Cấu trúc bảng cho bảng `userrole`
--

CREATE TABLE `userrole` (
  `id` int(11) NOT NULL,
  `roleName` varchar(30) DEFAULT NULL
) ENGINE=InnoDB DEFAULT CHARSET=utf8mb4 COLLATE=utf8mb4_general_ci;

--
-- Đang đổ dữ liệu cho bảng `userrole`
--

INSERT INTO `userrole` (`id`, `roleName`) VALUES
(1, 'admin'),
(2, 'khachhang'),
(3, 'doitacquangcao');

-- --------------------------------------------------------

--
-- Cấu trúc bảng cho bảng `videohistory`
--

CREATE TABLE `videohistory` (
  `videoId` int(11) NOT NULL,
  `accountId` int(11) NOT NULL,
  `lastWatched` datetime DEFAULT NULL,
  `stoppedTime` int(11) DEFAULT NULL,
  `firstWatched` datetime DEFAULT current_timestamp()
) ENGINE=InnoDB DEFAULT CHARSET=utf8mb4 COLLATE=utf8mb4_general_ci;

-- --------------------------------------------------------

--
-- Cấu trúc bảng cho bảng `videolanguage`
--

CREATE TABLE `videolanguage` (
  `id` int(11) NOT NULL,
  `lang` varchar(200) DEFAULT NULL
) ENGINE=InnoDB DEFAULT CHARSET=utf8mb4 COLLATE=utf8mb4_general_ci;

--
-- Đang đổ dữ liệu cho bảng `videolanguage`
--

INSERT INTO `videolanguage` (`id`, `lang`) VALUES
(1, 'Afrikaans'),
(2, 'Albanian'),
(3, 'Amharic'),
(4, 'Arabic'),
(5, 'Armenian'),
(6, 'Azerbaijani'),
(7, 'Basque'),
(8, 'Belarusian'),
(9, 'Bengali'),
(10, 'Bosnian'),
(11, 'Bulgarian'),
(12, 'Burmese'),
(13, 'Catalan'),
(14, 'Cebuano'),
(15, 'Chichewa'),
(16, 'Chinese (Simplified)'),
(17, 'Chinese (Traditional)'),
(18, 'Corsican'),
(19, 'Croatian'),
(20, 'Czech'),
(21, 'Danish'),
(22, 'Dutch'),
(23, 'English'),
(24, 'Esperanto'),
(25, 'Estonian'),
(26, 'Filipino'),
(27, 'Finnish'),
(28, 'French'),
(29, 'Frisian'),
(30, 'Galician'),
(31, 'Georgian'),
(32, 'German'),
(33, 'Greek'),
(34, 'Gujarati'),
(35, 'Haitian Creole'),
(36, 'Hausa'),
(37, 'Hawaiian'),
(38, 'Hebrew'),
(39, 'Hindi'),
(40, 'Hmong'),
(41, 'Hungarian'),
(42, 'Icelandic'),
(43, 'Igbo'),
(44, 'Indonesian'),
(45, 'Irish'),
(46, 'Italian'),
(47, 'Japanese'),
(48, 'Javanese'),
(49, 'Kannada'),
(50, 'Kazakh'),
(51, 'Khmer'),
(52, 'Kinyarwanda'),
(53, 'Korean'),
(54, 'Kurdish'),
(55, 'Kyrgyz'),
(56, 'Lao'),
(57, 'Latin'),
(58, 'Latvian'),
(59, 'Lithuanian'),
(60, 'Luxembourgish'),
(61, 'Macedonian'),
(62, 'Malagasy'),
(63, 'Malay'),
(64, 'Malayalam'),
(65, 'Maltese'),
(66, 'Maori'),
(67, 'Marathi'),
(68, 'Mongolian'),
(69, 'Nepali'),
(70, 'Norwegian'),
(71, 'Odia'),
(72, 'Pashto'),
(73, 'Persian'),
(74, 'Polish'),
(75, 'Portuguese'),
(76, 'Punjabi'),
(77, 'Romanian'),
(78, 'Russian'),
(79, 'Samoan'),
(80, 'Scots Gaelic'),
(81, 'Serbian'),
(82, 'Sesotho'),
(83, 'Shona'),
(84, 'Sindhi'),
(85, 'Sinhala'),
(86, 'Slovak'),
(87, 'Slovenian'),
(88, 'Somali'),
(89, 'Spanish'),
(90, 'Sundanese'),
(91, 'Swahili'),
(92, 'Swedish'),
(93, 'Tajik'),
(94, 'Tamil'),
(95, 'Tatar'),
(96, 'Telugu'),
(97, 'Thai'),
(98, 'Turkish'),
(99, 'Turkmen'),
(100, 'Ukrainian'),
(101, 'Urdu'),
(102, 'Uyghur'),
(103, 'Uzbek'),
(104, 'Vietnamese'),
(105, 'Welsh'),
(106, 'Xhosa'),
(107, 'Yiddish'),
(108, 'Yoruba'),
(109, 'Zulu');

-- --------------------------------------------------------

--
-- Cấu trúc bảng cho bảng `videoresolution`
--

CREATE TABLE `videoresolution` (
  `videoId` int(11) NOT NULL,
  `resolution` int(11) NOT NULL,
  `link` varchar(2000) DEFAULT NULL
) ENGINE=InnoDB DEFAULT CHARSET=utf8mb4 COLLATE=utf8mb4_general_ci;

-- --------------------------------------------------------

--
-- Cấu trúc bảng cho bảng `videostorage`
--

CREATE TABLE `videostorage` (
  `id` int(11) NOT NULL,
  `videoName` varchar(200) DEFAULT NULL,
  `description` varchar(4000) DEFAULT NULL,
  `videoLength` int(11) DEFAULT NULL,
  `link` varchar(2000) DEFAULT NULL,
  `banner` varchar(1000) DEFAULT NULL,
  `image1` varchar(1000) DEFAULT NULL,
  `image2` varchar(1000) DEFAULT NULL,
  `videoLanguage` int(11) DEFAULT NULL,
  `licenseCost` float DEFAULT NULL,
  `releaseDate` date DEFAULT NULL,
  `purchaseDate` datetime DEFAULT current_timestamp(),
  `watchedTimes` int(11) DEFAULT NULL,
  `supplier` int(11) DEFAULT NULL
) ENGINE=InnoDB DEFAULT CHARSET=utf8mb4 COLLATE=utf8mb4_general_ci;

--
-- Đang đổ dữ liệu cho bảng `videostorage`
--

INSERT INTO `videostorage` (`id`, `videoName`, `description`, `videoLength`, `link`, `banner`, `image1`, `image2`, `videoLanguage`, `licenseCost`, `releaseDate`, `purchaseDate`, `watchedTimes`, `supplier`) VALUES
(49, 'One Piece Live Action', '1', 123, 'http://localhost/public/assets/images/One-Piece-Live-Action/link/onepiece-live-action-video.mp4', 'http://localhost/public/assets/images/One-Piece-Live-Action/banner/onepiece-live-action-title.png', 'http://localhost/public/assets/images/One-Piece-Live-Action/image1/onepiece-live-action-card.jpg', 'http://localhost/public/assets/images/One-Piece-Live-Action/image2/onepiece-live-action-banner.png', 1, 123, '2023-10-16', '2023-10-24 20:06:22', NULL, 1);

-- --------------------------------------------------------

--
-- Cấu trúc bảng cho bảng `voucher`
--

CREATE TABLE `voucher` (
  `id` int(11) NOT NULL,
  `name` varchar(200) DEFAULT NULL,
  `code` varchar(100) DEFAULT NULL,
  `discount` float DEFAULT NULL,
  `remaining` int(11) DEFAULT NULL,
  `startDate` datetime DEFAULT NULL,
  `endDate` datetime DEFAULT NULL,
  `specificFor` int(11) DEFAULT NULL,
  `createDate` datetime DEFAULT current_timestamp()
) ENGINE=InnoDB DEFAULT CHARSET=utf8mb4 COLLATE=utf8mb4_general_ci;

--
-- Đang đổ dữ liệu cho bảng `voucher`
--

INSERT INTO `voucher` (`id`, `name`, `code`, `discount`, `remaining`, `startDate`, `endDate`, `specificFor`, `createDate`) VALUES
(11, '123', '123', 123, 123, '0000-00-00 00:00:00', '0000-00-00 00:00:00', NULL, '2023-10-29 16:59:35'),
(12, '123', '123', 123, 123, '2023-10-13 17:00:05', '2023-10-13 17:00:05', NULL, '2023-10-29 17:00:21'),
(23, '123', NULL, 123, 123, '2023-10-19 00:00:00', '2023-10-18 00:00:00', NULL, '2023-10-18 00:00:00'),
(24, '123', NULL, 123, 123, '2023-10-19 00:00:00', '2023-10-18 00:00:00', NULL, '2023-10-18 00:00:00');

---- --------------------------------------------------------

--
-- Cấu trúc bảng cho bảng `purchasehistory`
--

CREATE TABLE `purchasehistory` (
  `id` int(11) NOT NULL,
  `idUser` int(11) NOT NULL,
  `serviceName` varchar(200) NOT NULL,
  `purchaseDate` datetime NOT NULL,
  `price` float NOT NULL
) ENGINE=InnoDB DEFAULT CHARSET=utf8mb4 COLLATE=utf8mb4_general_ci;

--
-- Chỉ mục cho các bảng đã đổ
--

--
-- Chỉ mục cho bảng `adsinvoice`
--
ALTER TABLE `adsinvoice`
  ADD PRIMARY KEY (`id`),
  ADD KEY `paymentStatus` (`paymentStatus`),
  ADD KEY `paymentMethod` (`paymentMethod`),
  ADD KEY `adsId` (`adsId`),
  ADD KEY `accountId` (`accountId`);

--
-- Chỉ mục cho bảng `adsstatus`
--
ALTER TABLE `adsstatus`
  ADD PRIMARY KEY (`id`);

--
-- Chỉ mục cho bảng `advertisement`
--
ALTER TABLE `advertisement`
  ADD PRIMARY KEY (`id`),
  ADD KEY `adsFrom` (`adsFrom`),
  ADD KEY `statusAds` (`statusAds`);

--
-- Chỉ mục cho bảng `invoice`
--
ALTER TABLE `invoice`
  ADD PRIMARY KEY (`id`),
  ADD KEY `accountId` (`accountId`),
  ADD KEY `voucherId` (`voucherId`),
  ADD KEY `serviceId` (`serviceId`),
  ADD KEY `purchaseStatus` (`purchaseStatus`),
  ADD KEY `paymentMethod` (`paymentMethod`);

--
-- Chỉ mục cho bảng `invoicepaymentmethod`
--
ALTER TABLE `invoicepaymentmethod`
  ADD PRIMARY KEY (`id`);

--
-- Chỉ mục cho bảng `invoicepurchasestatus`
--
ALTER TABLE `invoicepurchasestatus`
  ADD PRIMARY KEY (`id`);

--
-- Chỉ mục cho bảng `resolution`
--
ALTER TABLE `resolution`
  ADD PRIMARY KEY (`id`);

--
-- Chỉ mục cho bảng `service`
--
ALTER TABLE `service`
  ADD PRIMARY KEY (`id`),
  ADD KEY `maxResolution` (`maxResolution`);

--
-- Chỉ mục cho bảng `supplier`
--
ALTER TABLE `supplier`
  ADD PRIMARY KEY (`id`);

--
-- Chỉ mục cho bảng `useraccount`
--
ALTER TABLE `useraccount`
  ADD PRIMARY KEY (`id`),
  ADD KEY `role` (`role`),
  ADD KEY `currentService` (`currentService`);

--
-- Chỉ mục cho bảng `userrole`
--
ALTER TABLE `userrole`
  ADD PRIMARY KEY (`id`);

--
-- Chỉ mục cho bảng `videohistory`
--
ALTER TABLE `videohistory`
  ADD PRIMARY KEY (`videoId`,`accountId`),
  ADD KEY `accountId` (`accountId`);

--
-- Chỉ mục cho bảng `videolanguage`
--
ALTER TABLE `videolanguage`
  ADD PRIMARY KEY (`id`);

--
-- Chỉ mục cho bảng `videoresolution`
--
ALTER TABLE `videoresolution`
  ADD PRIMARY KEY (`videoId`,`resolution`),
  ADD KEY `resolution` (`resolution`);

--
-- Chỉ mục cho bảng `videostorage`
--
ALTER TABLE `videostorage`
  ADD PRIMARY KEY (`id`),
  ADD KEY `supplier` (`supplier`),
  ADD KEY `videoLanguage` (`videoLanguage`);

--
-- Chỉ mục cho bảng `voucher`
--
ALTER TABLE `voucher`
  ADD PRIMARY KEY (`id`),
  ADD KEY `specificFor` (`specificFor`);

--
-- Chỉ mục cho bảng `purchasehistory`
--
ALTER TABLE `purchasehistory`
  ADD PRIMARY KEY (`id`);

--

-- AUTO_INCREMENT cho các bảng đã đổ
--

--
-- AUTO_INCREMENT cho bảng `adsinvoice`
--
ALTER TABLE `adsinvoice`
  MODIFY `id` int(11) NOT NULL AUTO_INCREMENT, AUTO_INCREMENT=756;

--
-- AUTO_INCREMENT cho bảng `adsstatus`
--
ALTER TABLE `adsstatus`
  MODIFY `id` int(11) NOT NULL AUTO_INCREMENT, AUTO_INCREMENT=6;

--
-- AUTO_INCREMENT cho bảng `advertisement`
--
ALTER TABLE `advertisement`
  MODIFY `id` int(11) NOT NULL AUTO_INCREMENT, AUTO_INCREMENT=6;

--
-- AUTO_INCREMENT cho bảng `invoice`
--
ALTER TABLE `invoice`
  MODIFY `id` int(11) NOT NULL AUTO_INCREMENT, AUTO_INCREMENT=3;

--
-- AUTO_INCREMENT cho bảng `invoicepaymentmethod`
--
ALTER TABLE `invoicepaymentmethod`
  MODIFY `id` int(11) NOT NULL AUTO_INCREMENT, AUTO_INCREMENT=2;

--
-- AUTO_INCREMENT cho bảng `invoicepurchasestatus`
--
ALTER TABLE `invoicepurchasestatus`
  MODIFY `id` int(11) NOT NULL AUTO_INCREMENT, AUTO_INCREMENT=4;

--
-- AUTO_INCREMENT cho bảng `resolution`
--
ALTER TABLE `resolution`
  MODIFY `id` int(11) NOT NULL AUTO_INCREMENT, AUTO_INCREMENT=39;

--
-- AUTO_INCREMENT cho bảng `service`
--
ALTER TABLE `service`
  MODIFY `id` int(11) NOT NULL AUTO_INCREMENT, AUTO_INCREMENT=7;

--
-- AUTO_INCREMENT cho bảng `supplier`
--
ALTER TABLE `supplier`
  MODIFY `id` int(11) NOT NULL AUTO_INCREMENT, AUTO_INCREMENT=21;

--
-- AUTO_INCREMENT cho bảng `useraccount`
--
ALTER TABLE `useraccount`
  MODIFY `id` int(11) NOT NULL AUTO_INCREMENT, AUTO_INCREMENT=4;

--
-- AUTO_INCREMENT cho bảng `userrole`
--
ALTER TABLE `userrole`
  MODIFY `id` int(11) NOT NULL AUTO_INCREMENT, AUTO_INCREMENT=4;

--
-- AUTO_INCREMENT cho bảng `videolanguage`
--
ALTER TABLE `videolanguage`
  MODIFY `id` int(11) NOT NULL AUTO_INCREMENT, AUTO_INCREMENT=110;

--
-- AUTO_INCREMENT cho bảng `videostorage`
--
ALTER TABLE `videostorage`
  MODIFY `id` int(11) NOT NULL AUTO_INCREMENT, AUTO_INCREMENT=50;

--
-- AUTO_INCREMENT cho bảng `voucher`
--
ALTER TABLE `voucher`
  MODIFY `id` int(11) NOT NULL AUTO_INCREMENT, AUTO_INCREMENT=25;

--
-- AUTO_INCREMENT cho bảng `purchasehistory`
--
ALTER TABLE `purchasehistory`
  MODIFY `id` int(11) NOT NULL AUTO_INCREMENT, AUTO_INCREMENT=6;

  --
-- Các ràng buộc cho các bảng đã đổ
--

--
-- Các ràng buộc cho bảng `adsinvoice`
--
ALTER TABLE `adsinvoice`
  ADD CONSTRAINT `adsinvoice_ibfk_1` FOREIGN KEY (`paymentStatus`) REFERENCES `invoicepurchasestatus` (`id`),
  ADD CONSTRAINT `adsinvoice_ibfk_2` FOREIGN KEY (`paymentMethod`) REFERENCES `invoicepaymentmethod` (`id`),
  ADD CONSTRAINT `adsinvoice_ibfk_3` FOREIGN KEY (`adsId`) REFERENCES `advertisement` (`id`),
  ADD CONSTRAINT `adsinvoice_ibfk_4` FOREIGN KEY (`accountId`) REFERENCES `useraccount` (`id`);

--
-- Các ràng buộc cho bảng `advertisement`
--
ALTER TABLE `advertisement`
  ADD CONSTRAINT `advertisement_ibfk_1` FOREIGN KEY (`adsFrom`) REFERENCES `useraccount` (`id`),
  ADD CONSTRAINT `advertisement_ibfk_2` FOREIGN KEY (`statusAds`) REFERENCES `adsstatus` (`id`);

--
-- Các ràng buộc cho bảng `invoice`
--
ALTER TABLE `invoice`
  ADD CONSTRAINT `invoice_ibfk_1` FOREIGN KEY (`accountId`) REFERENCES `useraccount` (`id`),
  ADD CONSTRAINT `invoice_ibfk_2` FOREIGN KEY (`voucherId`) REFERENCES `voucher` (`id`),
  ADD CONSTRAINT `invoice_ibfk_3` FOREIGN KEY (`serviceId`) REFERENCES `service` (`id`),
  ADD CONSTRAINT `invoice_ibfk_4` FOREIGN KEY (`purchaseStatus`) REFERENCES `invoicepurchasestatus` (`id`),
  ADD CONSTRAINT `invoice_ibfk_5` FOREIGN KEY (`paymentMethod`) REFERENCES `invoicepaymentmethod` (`id`);

--
-- Các ràng buộc cho bảng `service`
--
ALTER TABLE `service`
  ADD CONSTRAINT `service_ibfk_1` FOREIGN KEY (`maxResolution`) REFERENCES `resolution` (`id`);

--
-- Các ràng buộc cho bảng `useraccount`
--
ALTER TABLE `useraccount`
  ADD CONSTRAINT `useraccount_ibfk_1` FOREIGN KEY (`role`) REFERENCES `userrole` (`id`),
  ADD CONSTRAINT `useraccount_ibfk_2` FOREIGN KEY (`currentService`) REFERENCES `service` (`id`);

--
-- Các ràng buộc cho bảng `videohistory`
--
ALTER TABLE `videohistory`
  ADD CONSTRAINT `videohistory_ibfk_1` FOREIGN KEY (`videoId`) REFERENCES `videostorage` (`id`),
  ADD CONSTRAINT `videohistory_ibfk_2` FOREIGN KEY (`accountId`) REFERENCES `useraccount` (`id`);

--
-- Các ràng buộc cho bảng `videoresolution`
--
ALTER TABLE `videoresolution`
  ADD CONSTRAINT `videoresolution_ibfk_1` FOREIGN KEY (`videoId`) REFERENCES `videostorage` (`id`),
  ADD CONSTRAINT `videoresolution_ibfk_2` FOREIGN KEY (`resolution`) REFERENCES `resolution` (`id`);

--
-- Các ràng buộc cho bảng `videostorage`
--
ALTER TABLE `videostorage`
  ADD CONSTRAINT `videostorage_ibfk_1` FOREIGN KEY (`supplier`) REFERENCES `supplier` (`id`),
  ADD CONSTRAINT `videostorage_ibfk_2` FOREIGN KEY (`videoLanguage`) REFERENCES `videolanguage` (`id`);

--
-- Các ràng buộc cho bảng `voucher`
--
ALTER TABLE `voucher`
  ADD CONSTRAINT `voucher_ibfk_1` FOREIGN KEY (`specificFor`) REFERENCES `service` (`id`);
COMMIT;

/*!40101 SET CHARACTER_SET_CLIENT=@OLD_CHARACTER_SET_CLIENT */;
/*!40101 SET CHARACTER_SET_RESULTS=@OLD_CHARACTER_SET_RESULTS */;
/*!40101 SET COLLATION_CONNECTION=@OLD_COLLATION_CONNECTION */;
